theme1,theme2,theme3,theme4,theme5
developmental psychology,clinical psychology,nanotechnology,social psychology,cultural diversity
young adult,psychiatry,genetic enhancement,,religious diversity
positive youth development,depression (economics),social media,,inequality
child and adolescent psychiatry,mental health,mobile technology,,social equality
child behavior checklist,suicide prevention,wearable technology,,underrepresented minority
early childhood,major depressive disorder,virtual reality,,social exclusion
child development,,cryptocurrency,,refugee
child health,,augmented reality,,transgender
child protection,,embryo transfer,,homosexuality
early childhood education,,prenatal screening,,racial diversity
child rearing,,applications of artificial intelligence,,gender diversity
academic achievement,,internet of things,,ethnically diverse
pediatrics,,home automation,,economic inequality
,,smart environment,,educational inequality
,,game based learning,,gender inequality
,,game mechanics,,social inequality
,,serious game,,wage inequality
,,video game,,sexual minority
,,space exploration,,minority rights
,,smartphone app,,minority group
,,,,ethnic group
,,,,immigration
,,,,cultural identity
